{
  "image_info": {
    "resolution": [
      3840,
      2160
    ],
    "depth_shape": [
      2160,
      3840
    ]
  },
  "camera_info": {
    "intrinsic": [
      [
        0.66162109375,
        0.0,
        0.5
      ],
      [
        0.0,
        1.17578125,
        0.5
      ],
      [
        0.0,
        0.0,
        1.0
      ]
    ],
    "extrinsic": [
      [
        1.0,
        0.0,
        0.0,
        0.0
      ],
      [
        0.0,
        1.0,
        0.0,
        0.0
      ],
      [
        0.0,
        0.0,
        1.0,
        0.0
      ],
      [
        0.0,
        0.0,
        0.0,
        1.0
      ]
    ]
  },
  "gaussian_params": {},
  "num_objects": 0,
  "obj_id_to_color_idx": {}
}