{
  "image_info": {
    "resolution": [
      1366,
      768
    ],
    "depth_shape": [
      768,
      1366
    ]
  },
  "camera_info": {
    "intrinsic": [
      [
        0.70361328125,
        0.0,
        0.5
      ],
      [
        0.0,
        1.251953125,
        0.5
      ],
      [
        0.0,
        0.0,
        1.0
      ]
    ],
    "extrinsic": [
      [
        1.0,
        0.0,
        0.0,
        0.0
      ],
      [
        0.0,
        1.0,
        0.0,
        0.0
      ],
      [
        0.0,
        0.0,
        1.0,
        0.0
      ],
      [
        0.0,
        0.0,
        0.0,
        1.0
      ]
    ]
  },
  "gaussian_params": {},
  "num_objects": 0,
  "obj_id_to_color_idx": {}
}