{
  "image_info": {
    "resolution": [
      1280,
      720
    ],
    "depth_shape": [
      720,
      1280
    ]
  },
  "camera_info": {
    "intrinsic": [
      [
        0.61669921875,
        0.0,
        0.5
      ],
      [
        0.0,
        1.095703125,
        0.5
      ],
      [
        0.0,
        0.0,
        1.0
      ]
    ],
    "extrinsic": [
      [
        1.0,
        0.0,
        0.0,
        0.0
      ],
      [
        0.0,
        1.0,
        0.0,
        0.0
      ],
      [
        0.0,
        0.0,
        1.0,
        0.0
      ],
      [
        0.0,
        0.0,
        0.0,
        1.0
      ]
    ]
  },
  "gaussian_params": {},
  "num_objects": 0,
  "obj_id_to_color_idx": {}
}